{"accuracy": [0.9308750033378601, 0.9643750190734863, 0.9681249856948853, 0.9703750014305115, 0.9736250042915344, 0.9761250019073486, 0.9746249914169312, 0.9725000262260437, 0.9783750176429749, 0.9737499952316284, 0.9768750071525574, 0.9783750176429749, 0.9787499904632568, 0.9796249866485596, 0.9800000190734863], "val_accuracy": [0.9804999828338623, 0.9815000295639038, 0.9810000061988831, 0.9835000038146973, 0.984499990940094, 0.9829999804496765, 0.984000027179718, 0.984000027179718, 0.9860000014305115, 0.9835000038146973, 0.9850000143051147, 0.9835000038146973, 0.9835000038146973, 0.9810000061988831, 0.984000027179718], "loss": [0.1770595908164978, 0.09234923124313354, 0.08070783317089081, 0.07286927849054337, 0.07008861750364304, 0.06427290290594101, 0.06591661274433136, 0.06498347967863083, 0.0596538782119751, 0.06266745924949646, 0.058351609855890274, 0.05687303841114044, 0.05113540217280388, 0.05128773674368858, 0.04974969103932381], "val_loss": [0.05841982737183571, 0.047673508524894714, 0.0490824431180954, 0.04449603334069252, 0.04285690560936928, 0.04517735168337822, 0.04310004413127899, 0.04570741951465607, 0.041063107550144196, 0.04141777381300926, 0.039293672889471054, 0.04077763110399246, 0.03830709680914879, 0.042570602148771286, 0.04339355602860451]}